<?xml version = '1.0' encoding = 'UTF-8'?>
<Diagram class="oracle.dbtools.crest.swingui.logical.DPVLogical" name="Logical" id="058A1FCB-30CF-0DDE-97C1-3D19E9F3B357">
<createdBy>svasquez</createdBy>
<modifiedBy>svasquez</modifiedBy>
<createdTime>2025-09-09 01:15:37 UTC</createdTime>
<autoRoute>false</autoRoute>
<boxInbox>false</boxInbox>
<showLegend>false</showLegend>
<showLabels>true</showLabels>
<showRelAttributes>true</showRelAttributes>
<gridEnabled>false</gridEnabled>
<showGrid>true</showGrid>
<diagramColor>-1</diagramColor>
<display>false</display>
<notation>1</notation>
<objectViews>
<OView class="oracle.dbtools.crest.swingui.logical.TVEntity" oid="2E23C86E-B49E-C5D5-10B9-2729A3543C8B" otype="Entity" vid="2666619E-A599-0DE4-B0AF-76FD61E71DFC">
<hideElementsInCurrentOnly>false</hideElementsInCurrentOnly>
<bounds x="562" y="583" width="229" height="130"/>
</OView>
<OView class="oracle.dbtools.crest.swingui.logical.TVEntity" oid="2F35E409-4643-3E9A-E7C9-8B1E52D3D159" otype="Entity" vid="C03F875F-746B-4F5E-6AC1-8D55EF2BD4F2">
<hideElementsInCurrentOnly>false</hideElementsInCurrentOnly>
<bounds x="877" y="224" width="242" height="106"/>
</OView>
<OView class="oracle.dbtools.crest.swingui.logical.TVEntity" oid="30E4F78D-E91C-6316-2EDE-808F01D04C75" otype="Entity" vid="06BB0FC7-4130-FA42-7AB9-3DC3E97730D1">
<hideElementsInCurrentOnly>false</hideElementsInCurrentOnly>
<bounds x="874" y="70" width="207" height="96"/>
</OView>
<OView class="oracle.dbtools.crest.swingui.logical.TVEntity" oid="33C9FE1E-FFF3-0385-956F-231CF1D9A3F2" otype="Entity" vid="3A4378E5-1C79-B890-F518-A1F861D8B6FF">
<hideElementsInCurrentOnly>false</hideElementsInCurrentOnly>
<bounds x="269" y="627" width="223" height="142"/>
</OView>
<OView class="oracle.dbtools.crest.swingui.logical.TVEntity" oid="3F6069A4-53E2-F526-8F69-11A21534AA66" otype="Entity" vid="64841F03-6A76-743A-5205-CE8DF5A73048">
<hideElementsInCurrentOnly>false</hideElementsInCurrentOnly>
<bounds x="251" y="380" width="191" height="167"/>
</OView>
<OView class="oracle.dbtools.crest.swingui.logical.TVEntity" oid="507E0441-C973-442E-CCB2-6AB94B472F40" otype="Entity" vid="5AF7B4E0-BEE2-D54E-0C1E-7D3DE94DEE95">
<hideElementsInCurrentOnly>false</hideElementsInCurrentOnly>
<bounds x="220" y="51" width="250" height="218"/>
</OView>
<OView class="oracle.dbtools.crest.swingui.logical.TVEntity" oid="6C17D893-6B52-C3BC-EDD4-178FD85CF504" otype="Entity" vid="7209CB8F-EC93-5C3C-1A99-1E8002E5F28F">
<hideElementsInCurrentOnly>false</hideElementsInCurrentOnly>
<bounds x="536" y="338" width="230" height="99"/>
</OView>
<OView class="oracle.dbtools.crest.swingui.logical.TVEntity" oid="8F96130B-EE2A-0D14-2DF9-3AC269723AF1" otype="Entity" vid="E889185A-5976-2A07-BFE5-64A7AC6637B9">
<hideElementsInCurrentOnly>false</hideElementsInCurrentOnly>
<bounds x="849" y="565" width="209" height="126"/>
</OView>
<OView class="oracle.dbtools.crest.swingui.logical.TVEntity" oid="90CBA03B-C64A-F2B4-4248-6DFAA9EFC99D" otype="Entity" vid="C9655D50-FEB9-38A2-C2D5-07707543316F">
<hideElementsInCurrentOnly>false</hideElementsInCurrentOnly>
<bounds x="34" y="231" width="142" height="106"/>
</OView>
<OView class="oracle.dbtools.crest.swingui.logical.TVEntity" oid="B5B82B70-B6AB-F605-90C6-EA41054CDA4A" otype="Entity" vid="29278BF5-AC49-D30B-0632-AD3DD43AB856">
<hideElementsInCurrentOnly>false</hideElementsInCurrentOnly>
<bounds x="580" y="71" width="222" height="166"/>
</OView>
<OView class="oracle.dbtools.crest.swingui.logical.TVEntity" oid="E5C04830-CBFF-12E2-D532-5DDBC667DB40" otype="Entity" vid="0323F4AB-C527-1471-207F-719D562F79BE">
<hideElementsInCurrentOnly>false</hideElementsInCurrentOnly>
<bounds x="39" y="388" width="191" height="111"/>
</OView>
</objectViews>
<connectors>
<Connector class="oracle.dbtools.crest.swingui.logical.TVRelation" oid="3C17646F-B0F8-2544-9506-FC6134760545" otype="Relation" vid_source="3A4378E5-1C79-B890-F518-A1F861D8B6FF" vid_target="2666619E-A599-0DE4-B0AF-76FD61E71DFC">
<hideElementsInCurrentOnly>false</hideElementsInCurrentOnly>
<backgroundColor>-16777216</backgroundColor>
<lineWidth>1</lineWidth>
<points>
<point x="492" y="670"/>
<point x="562" y="670"/>
</points>
</Connector>
<Connector class="oracle.dbtools.crest.swingui.logical.TVRelation" oid="598EC20D-3AF2-310F-570B-3D255588EDBB" otype="Relation" vid_source="3A4378E5-1C79-B890-F518-A1F861D8B6FF" vid_target="64841F03-6A76-743A-5205-CE8DF5A73048">
<hideElementsInCurrentOnly>false</hideElementsInCurrentOnly>
<backgroundColor>-16777216</backgroundColor>
<lineWidth>1</lineWidth>
<points>
<point x="355" y="627"/>
<point x="355" y="547"/>
</points>
</Connector>
<Connector class="oracle.dbtools.crest.swingui.logical.TVRelation" oid="5BCD1BBE-B4D9-F530-4300-AF73CC841374" otype="Relation" vid_source="29278BF5-AC49-D30B-0632-AD3DD43AB856" vid_target="C03F875F-746B-4F5E-6AC1-8D55EF2BD4F2">
<hideElementsInCurrentOnly>false</hideElementsInCurrentOnly>
<backgroundColor>-16777216</backgroundColor>
<lineWidth>1</lineWidth>
<points>
<point x="802" y="230"/>
<point x="877" y="230"/>
</points>
</Connector>
<Connector class="oracle.dbtools.crest.swingui.logical.TVRelation" oid="64B97D20-4AF7-5A41-B809-4EE1596C69B9" otype="Relation" vid_source="7209CB8F-EC93-5C3C-1A99-1E8002E5F28F" vid_target="29278BF5-AC49-D30B-0632-AD3DD43AB856">
<hideElementsInCurrentOnly>false</hideElementsInCurrentOnly>
<backgroundColor>-16777216</backgroundColor>
<lineWidth>1</lineWidth>
<points>
<point x="673" y="338"/>
<point x="673" y="237"/>
</points>
</Connector>
<Connector class="oracle.dbtools.crest.swingui.logical.TVRelation" oid="6A1F8203-2DD1-5041-4AE7-19EDD1DB2C3A" otype="Relation" vid_source="5AF7B4E0-BEE2-D54E-0C1E-7D3DE94DEE95" vid_target="64841F03-6A76-743A-5205-CE8DF5A73048">
<hideElementsInCurrentOnly>false</hideElementsInCurrentOnly>
<backgroundColor>-16777216</backgroundColor>
<lineWidth>1</lineWidth>
<points>
<point x="346" y="269"/>
<point x="346" y="380"/>
</points>
</Connector>
<Connector class="oracle.dbtools.crest.swingui.logical.TVInheritanceRelation" oid="78AD826D-61E0-A7B7-F7A7-C261FBC9F91F" otype="Hierarchy relation" vid_source="2666619E-A599-0DE4-B0AF-76FD61E71DFC" vid_target="E889185A-5976-2A07-BFE5-64A7AC6637B9">
<hideElementsInCurrentOnly>false</hideElementsInCurrentOnly>
<backgroundColor>-65536</backgroundColor>
<lineWidth>1</lineWidth>
<points>
<point x="791" y="637"/>
<point x="849" y="637"/>
</points>
</Connector>
<Connector class="oracle.dbtools.crest.swingui.logical.TVRelation" oid="C44AB0B4-989C-17C4-B457-6986C80A3759" otype="Relation" vid_source="5AF7B4E0-BEE2-D54E-0C1E-7D3DE94DEE95" vid_target="29278BF5-AC49-D30B-0632-AD3DD43AB856">
<hideElementsInCurrentOnly>false</hideElementsInCurrentOnly>
<backgroundColor>-16777216</backgroundColor>
<lineWidth>1</lineWidth>
<points>
<point x="470" y="169"/>
<point x="580" y="169"/>
</points>
</Connector>
<Connector class="oracle.dbtools.crest.swingui.logical.TVRelation" oid="D7EAEF0A-FD17-4BED-FE8F-F39692315311" otype="Relation" vid_source="29278BF5-AC49-D30B-0632-AD3DD43AB856" vid_target="3A4378E5-1C79-B890-F518-A1F861D8B6FF">
<hideElementsInCurrentOnly>false</hideElementsInCurrentOnly>
<backgroundColor>-16777216</backgroundColor>
<lineWidth>1</lineWidth>
<points>
<point x="580" y="237"/>
<point x="480" y="309"/>
<point x="480" y="627"/>
</points>
</Connector>
<Connector class="oracle.dbtools.crest.swingui.logical.TVRelation" oid="E427A271-CFD3-5AD6-FDC9-8817600DDDA9" otype="Relation" vid_source="0323F4AB-C527-1471-207F-719D562F79BE" vid_target="C9655D50-FEB9-38A2-C2D5-07707543316F">
<hideElementsInCurrentOnly>false</hideElementsInCurrentOnly>
<backgroundColor>-16777216</backgroundColor>
<lineWidth>1</lineWidth>
<points>
<point x="107" y="388"/>
<point x="107" y="337"/>
</points>
</Connector>
<Connector class="oracle.dbtools.crest.swingui.logical.TVRelation" oid="F224138E-2FCA-EBFB-8393-061B79D6D2F1" otype="Relation" vid_source="C9655D50-FEB9-38A2-C2D5-07707543316F" vid_target="5AF7B4E0-BEE2-D54E-0C1E-7D3DE94DEE95">
<hideElementsInCurrentOnly>false</hideElementsInCurrentOnly>
<backgroundColor>-16777216</backgroundColor>
<lineWidth>1</lineWidth>
<points>
<point x="128" y="231"/>
<point x="128" y="169"/>
<point x="220" y="169"/>
</points>
</Connector>
<Connector class="oracle.dbtools.crest.swingui.logical.TVRelation" oid="F86734DD-6C84-2C85-4F10-D849F4C0C19D" otype="Relation" vid_source="06BB0FC7-4130-FA42-7AB9-3DC3E97730D1" vid_target="29278BF5-AC49-D30B-0632-AD3DD43AB856">
<hideElementsInCurrentOnly>false</hideElementsInCurrentOnly>
<backgroundColor>-16777216</backgroundColor>
<lineWidth>1</lineWidth>
<points>
<point x="874" y="118"/>
<point x="802" y="118"/>
</points>
</Connector>
</connectors>
</Diagram>