<?xml version = '1.0' encoding = 'UTF-8'?>
<FKIndexAssociation class="oracle.dbtools.crest.model.design.relational.FKIndexAssociation" directorySegmentName="seg_0" id="1424E697-9B92-00C1-714F-36BAE563C484" containerWithKeyObject="C759789B-8591-3ECF-A1F8-5E45E610B8E1" localFKIndex="16F1094A-CF79-101D-1795-CE6BA7E7AAC0" name="PACIENTE_REGION_FK">
<createdBy>Flekz13</createdBy>
<createdTime>2025-09-15 01:19:19 UTC</createdTime>
<ownerDesignName>Exp2_S5_Alberto_Agustin_Garcia</ownerDesignName>
<referredTableLongName>REGION</referredTableLongName>
<deleteRule>NO ACTION</deleteRule>
<referredTableID>11B56E1D-78A6-77AB-1EC7-99418997542E</referredTableID>
<keyObject>B133E67C-2C46-025F-FB27-927B5442DA8A</keyObject>
<referredKeyID>B133E67C-2C46-025F-FB27-927B5442DA8A</referredKeyID>
<mandatory>true</mandatory>
<refColNames>id_region</refColNames>
<transferable>true</transferable>
<rely>false</rely>
<columnDependencyConstraintGenerateInDDL>true</columnDependencyConstraintGenerateInDDL>
</FKIndexAssociation>