<?xml version = '1.0' encoding = 'UTF-8'?>
<FKIndexAssociation class="oracle.dbtools.crest.model.design.relational.FKIndexAssociation" directorySegmentName="seg_0" id="1C8CA9F3-D639-1E49-D8E0-8E11864AD908" containerWithKeyObject="0DF6EC3C-F7B9-683E-A2AF-E622090E51E3" localFKIndex="4CDEA34C-9ABB-B924-B20E-FEA88829CE14" name="EXAMEN_ATENCION_MEDICA_FK">
<createdBy>Flekz13</createdBy>
<createdTime>2025-09-15 01:20:34 UTC</createdTime>
<generatorID>09232E58-E239-2752-1A86-72B8BEAFAE50</generatorID>
<ownerDesignName>Exp2_S5_Alberto_Agustin_Garcia</ownerDesignName>
<referredTableLongName>ATENCION_MEDICA</referredTableLongName>
<deleteRule>NO ACTION</deleteRule>
<referredTableID>62CA525C-8E76-9651-C24C-71C83ECBADFD</referredTableID>
<keyObject>E4B47AFC-8962-AB86-73FD-8204DD3D1CF1</keyObject>
<referredKeyID>E4B47AFC-8962-AB86-73FD-8204DD3D1CF1</referredKeyID>
<mandatory>true</mandatory>
<refColNames>id_atencion</refColNames>
<transferable>true</transferable>
<rely>false</rely>
<columnDependencyConstraintGenerateInDDL>true</columnDependencyConstraintGenerateInDDL>
</FKIndexAssociation>