<?xml version = '1.0' encoding = 'UTF-8'?>
<FKIndexAssociation class="oracle.dbtools.crest.model.design.relational.FKIndexAssociation" directorySegmentName="seg_0" id="30356096-AA9E-1207-8AF9-7F287C9C0CCF" containerWithKeyObject="62022D23-114F-9C9B-8A69-12E5FF411AF0" localFKIndex="BAE69910-FFF4-6E2F-69B9-27E152BE2940" name="PAGO_TARJETA_MEDIO_PAGO_FK">
<createdBy>svasquez</createdBy>
<createdTime>2025-09-09 23:30:40 UTC</createdTime>
<generatorID>78AD826D-61E0-A7B7-F7A7-C261FBC9F91F</generatorID>
<ownerDesignName>Exp2_S5_Alberto_Agustin_Garcia</ownerDesignName>
<referredTableLongName>MEDIO_PAGO</referredTableLongName>
<deleteRule>NO ACTION</deleteRule>
<referredTableID>CD260B75-8306-549B-4FB5-DDB450DB8A3A</referredTableID>
<keyObject>6929989B-5396-7FC2-36CE-16F788355017</keyObject>
<referredKeyID>6929989B-5396-7FC2-36CE-16F788355017</referredKeyID>
<mandatory>true</mandatory>
<refColNames>id_medio_pago</refColNames>
<transferable>true</transferable>
<rely>false</rely>
<columnDependencyConstraintGenerateInDDL>true</columnDependencyConstraintGenerateInDDL>
</FKIndexAssociation>