<?xml version = '1.0' encoding = 'UTF-8'?>
<FKIndexAssociation class="oracle.dbtools.crest.model.design.relational.FKIndexAssociation" directorySegmentName="seg_0" id="6D14E406-D6CC-4C6F-E46A-02F176CE788F" containerWithKeyObject="62CA525C-8E76-9651-C24C-71C83ECBADFD" localFKIndex="98A2F27D-281C-B616-2071-764734F42B9D" name="ATENCION_MEDICA_MEDICO_FK">
<createdBy>svasquez</createdBy>
<createdTime>2025-09-09 23:30:40 UTC</createdTime>
<generatorID>D7EAEF0A-FD17-4BED-FE8F-F39692315311</generatorID>
<ownerDesignName>Exp2_S5_Alberto_Agustin_Garcia</ownerDesignName>
<referredTableLongName>MEDICO</referredTableLongName>
<deleteRule>NO ACTION</deleteRule>
<referredTableID>3A962405-59F5-4C80-09F8-A9AD8950D228</referredTableID>
<keyObject>BF6FB234-68D4-3A14-2EDD-B7FFC6F7374E</keyObject>
<referredKeyID>BF6FB234-68D4-3A14-2EDD-B7FFC6F7374E</referredKeyID>
<mandatory>true</mandatory>
<refColNames>id_medico</refColNames>
<transferable>true</transferable>
<rely>false</rely>
<columnDependencyConstraintGenerateInDDL>true</columnDependencyConstraintGenerateInDDL>
</FKIndexAssociation>