<?xml version = '1.0' encoding = 'UTF-8'?>
<FKIndexAssociation class="oracle.dbtools.crest.model.design.relational.FKIndexAssociation" directorySegmentName="seg_0" id="6F9D3650-FA5C-D943-0D5C-D43E7D1CA415" containerWithKeyObject="11B56E1D-78A6-77AB-1EC7-99418997542E" localFKIndex="D9A3194F-26AE-5E08-1C9D-4D744059B266" name="REGION_COMUNA_FK">
<createdBy>Flekz13</createdBy>
<createdTime>2025-09-15 01:19:08 UTC</createdTime>
<ownerDesignName>Exp2_S5_Alberto_Agustin_Garcia</ownerDesignName>
<referredTableLongName>COMUNA</referredTableLongName>
<deleteRule>NO ACTION</deleteRule>
<referredTableID>8AB7EB1B-11A0-C80D-7B47-F25F0D422591</referredTableID>
<keyObject>3965BABC-204A-B2EB-0B2D-49FDA5239DB1</keyObject>
<referredKeyID>3965BABC-204A-B2EB-0B2D-49FDA5239DB1</referredKeyID>
<mandatory>true</mandatory>
<refColNames>id_comuna</refColNames>
<transferable>true</transferable>
<rely>false</rely>
<columnDependencyConstraintGenerateInDDL>true</columnDependencyConstraintGenerateInDDL>
</FKIndexAssociation>