<?xml version = '1.0' encoding = 'UTF-8'?>
<FKIndexAssociation class="oracle.dbtools.crest.model.design.relational.FKIndexAssociation" directorySegmentName="seg_0" id="8118F5A8-4D29-396C-4AEC-326658E5B249" containerWithKeyObject="3A962405-59F5-4C80-09F8-A9AD8950D228" localFKIndex="0FE82081-D8D7-C50F-0D54-B5904F9EC39D" name="MEDICO_AFP_FK">
<createdBy>svasquez</createdBy>
<createdTime>2025-09-09 23:30:40 UTC</createdTime>
<generatorID>F86734DD-6C84-2C85-4F10-D849F4C0C19D</generatorID>
<ownerDesignName>Exp2_S5_Alberto_Agustin_Garcia</ownerDesignName>
<referredTableLongName>AFP</referredTableLongName>
<deleteRule>NO ACTION</deleteRule>
<referredTableID>49390FFC-AE9E-8EA2-E16A-286ED17FC91C</referredTableID>
<keyObject>A900F909-70FB-EB63-A41A-796E03BFCC4B</keyObject>
<referredKeyID>A900F909-70FB-EB63-A41A-796E03BFCC4B</referredKeyID>
<mandatory>true</mandatory>
<refColNames>id_afp</refColNames>
<transferable>true</transferable>
<rely>false</rely>
<columnDependencyConstraintGenerateInDDL>true</columnDependencyConstraintGenerateInDDL>
</FKIndexAssociation>