<?xml version = '1.0' encoding = 'UTF-8'?>
<FKIndexAssociation class="oracle.dbtools.crest.model.design.relational.FKIndexAssociation" directorySegmentName="seg_0" id="84C0BF62-5577-C811-24F4-E7790ADED73D" containerWithKeyObject="C7588112-4EFB-A01E-57F5-6658CB03AA74" localFKIndex="9FEEEF7C-3D88-A0F6-DC5C-86B71A858C9F" name="INSTITUCION_SALUD_MEDICO_FK">
<createdBy>Flekz13</createdBy>
<createdTime>2025-09-15 01:18:23 UTC</createdTime>
<generatorID>C5B7DFF7-4708-0AA9-F6CA-AB26A5EF0E2C</generatorID>
<ownerDesignName>Exp2_S5_Alberto_Agustin_Garcia</ownerDesignName>
<referredTableLongName>MEDICO</referredTableLongName>
<deleteRule>NO ACTION</deleteRule>
<referredTableID>3A962405-59F5-4C80-09F8-A9AD8950D228</referredTableID>
<keyObject>BF6FB234-68D4-3A14-2EDD-B7FFC6F7374E</keyObject>
<referredKeyID>BF6FB234-68D4-3A14-2EDD-B7FFC6F7374E</referredKeyID>
<mandatory>true</mandatory>
<refColNames>id_medico</refColNames>
<transferable>true</transferable>
<rely>false</rely>
<columnDependencyConstraintGenerateInDDL>true</columnDependencyConstraintGenerateInDDL>
</FKIndexAssociation>