<?xml version = '1.0' encoding = 'UTF-8'?>
<Diagram class="oracle.dbtools.crest.swingui.relational.DPVRelational" name="Relational_1" id="4AEAB306-9C6A-DC8F-031D-7D33A8743733">
<createdBy>svasquez</createdBy>
<modifiedBy>svasquez</modifiedBy>
<createdTime>2025-09-09 01:20:30 UTC</createdTime>
<autoRoute>false</autoRoute>
<boxInbox>true</boxInbox>
<showLegend>false</showLegend>
<showLabels>false</showLabels>
<showRelAttributes>false</showRelAttributes>
<gridEnabled>false</gridEnabled>
<showGrid>false</showGrid>
<diagramColor>-1</diagramColor>
<display>false</display>
<notation>0</notation>
<objectViews>
<OView class="oracle.dbtools.crest.swingui.relational.TVTable" oid="0DF6EC3C-F7B9-683E-A2AF-E622090E51E3" otype="Table" vid="4E9CAF9B-8384-DD3D-86D4-897D8BC409B0">
<hideElementsInCurrentOnly>false</hideElementsInCurrentOnly>
<bounds x="225" y="312" width="278" height="153"/>
</OView>
<OView class="oracle.dbtools.crest.swingui.relational.TVTable" oid="11B56E1D-78A6-77AB-1EC7-99418997542E" otype="Table" vid="9F887043-C406-E7FE-6B8B-154740F6BBE5">
<hideElementsInCurrentOnly>false</hideElementsInCurrentOnly>
<bounds x="11" y="268" width="201" height="126"/>
</OView>
<OView class="oracle.dbtools.crest.swingui.relational.TVTable" oid="3A962405-59F5-4C80-09F8-A9AD8950D228" otype="Table" vid="3AFD5011-2C97-52E2-ECD0-E305A3423601">
<hideElementsInCurrentOnly>false</hideElementsInCurrentOnly>
<bounds x="485" y="34" width="331" height="230"/>
</OView>
<OView class="oracle.dbtools.crest.swingui.relational.TVTable" oid="49390FFC-AE9E-8EA2-E16A-286ED17FC91C" otype="Table" vid="7F98AF45-3FA2-C4BA-77F3-7B5134F8ECCF">
<hideElementsInCurrentOnly>false</hideElementsInCurrentOnly>
<bounds x="868" y="81" width="200" height="91"/>
</OView>
<OView class="oracle.dbtools.crest.swingui.relational.TVTable" oid="62022D23-114F-9C9B-8A69-12E5FF411AF0" otype="Table" vid="4C9E901D-1353-9023-2F75-756A9C2D3BC5">
<hideElementsInCurrentOnly>false</hideElementsInCurrentOnly>
<bounds x="636" y="555" width="333" height="164"/>
</OView>
<OView class="oracle.dbtools.crest.swingui.relational.TVTable" oid="62CA525C-8E76-9651-C24C-71C83ECBADFD" otype="Table" vid="B98E8381-DEB5-C7BB-16AC-18A8D0E477C5">
<hideElementsInCurrentOnly>false</hideElementsInCurrentOnly>
<bounds x="207" y="513" width="344" height="174"/>
</OView>
<OView class="oracle.dbtools.crest.swingui.relational.TVTable" oid="781DD95E-1327-EFA2-F6F8-3A2B7665475F" otype="Table" vid="0E642831-B609-063E-78FD-F2428E20B895">
<hideElementsInCurrentOnly>false</hideElementsInCurrentOnly>
<bounds x="593" y="377" width="253" height="99"/>
</OView>
<OView class="oracle.dbtools.crest.swingui.relational.TVTable" oid="8AB7EB1B-11A0-C80D-7B47-F25F0D422591" otype="Table" vid="B8313051-AEC3-2E61-F7FB-D57B278BE4E7">
<hideElementsInCurrentOnly>false</hideElementsInCurrentOnly>
<bounds x="31" y="435" width="177" height="88"/>
</OView>
<OView class="oracle.dbtools.crest.swingui.relational.TVTable" oid="C7588112-4EFB-A01E-57F5-6658CB03AA74" otype="Table" vid="E63087A1-D78B-663F-20C7-65AC711E6535">
<hideElementsInCurrentOnly>false</hideElementsInCurrentOnly>
<bounds x="909" y="210" width="228" height="127"/>
</OView>
<OView class="oracle.dbtools.crest.swingui.relational.TVTable" oid="C759789B-8591-3ECF-A1F8-5E45E610B8E1" otype="Table" vid="76FA5633-16A2-F763-5153-CD7FBE036C7A">
<hideElementsInCurrentOnly>false</hideElementsInCurrentOnly>
<bounds x="69" y="14" width="319" height="225"/>
</OView>
<OView class="oracle.dbtools.crest.swingui.relational.TVTable" oid="CD260B75-8306-549B-4FB5-DDB450DB8A3A" otype="Table" vid="CB9FD018-DF23-B1D4-5827-838A6F657798">
<hideElementsInCurrentOnly>false</hideElementsInCurrentOnly>
<bounds x="145" y="720" width="398" height="159"/>
</OView>
</objectViews>
<connectors>
<Connector class="oracle.dbtools.crest.swingui.relational.TVFKRelation" oid="0250E2C8-006C-0BD0-D7FD-D4C343FD2127" otype="FKIndexAssociation" vid_source="0E642831-B609-063E-78FD-F2428E20B895" vid_target="3AFD5011-2C97-52E2-ECD0-E305A3423601">
<hideElementsInCurrentOnly>false</hideElementsInCurrentOnly>
<backgroundColor>-16777216</backgroundColor>
<lineWidth>1</lineWidth>
<points>
<point x="704" y="377"/>
<point x="704" y="264"/>
</points>
</Connector>
<Connector class="oracle.dbtools.crest.swingui.relational.TVFKRelation" oid="03DD2A74-507F-C23D-5B05-DB979BE454A7" otype="FKIndexAssociation" vid_source="B98E8381-DEB5-C7BB-16AC-18A8D0E477C5" vid_target="CB9FD018-DF23-B1D4-5827-838A6F657798">
<hideElementsInCurrentOnly>false</hideElementsInCurrentOnly>
<backgroundColor>-16777216</backgroundColor>
<lineWidth>1</lineWidth>
<points>
<point x="375" y="687"/>
<point x="375" y="720"/>
</points>
</Connector>
<Connector class="oracle.dbtools.crest.swingui.relational.TVFKRelation" oid="1424E697-9B92-00C1-714F-36BAE563C484" otype="FKIndexAssociation" vid_source="9F887043-C406-E7FE-6B8B-154740F6BBE5" vid_target="76FA5633-16A2-F763-5153-CD7FBE036C7A">
<hideElementsInCurrentOnly>false</hideElementsInCurrentOnly>
<backgroundColor>-16777216</backgroundColor>
<lineWidth>1</lineWidth>
<points>
<point x="69" y="268"/>
<point x="69" y="129"/>
<point x="69" y="129"/>
</points>
</Connector>
<Connector class="oracle.dbtools.crest.swingui.relational.TVFKRelation" oid="1C8CA9F3-D639-1E49-D8E0-8E11864AD908" otype="FKIndexAssociation" vid_source="B98E8381-DEB5-C7BB-16AC-18A8D0E477C5" vid_target="4E9CAF9B-8384-DD3D-86D4-897D8BC409B0">
<hideElementsInCurrentOnly>false</hideElementsInCurrentOnly>
<backgroundColor>-16777216</backgroundColor>
<lineWidth>1</lineWidth>
<points>
<point x="364" y="513"/>
<point x="364" y="465"/>
</points>
</Connector>
<Connector class="oracle.dbtools.crest.swingui.relational.TVFKRelation" oid="30356096-AA9E-1207-8AF9-7F287C9C0CCF" otype="FKIndexAssociation" vid_source="CB9FD018-DF23-B1D4-5827-838A6F657798" vid_target="4C9E901D-1353-9023-2F75-756A9C2D3BC5">
<hideElementsInCurrentOnly>false</hideElementsInCurrentOnly>
<backgroundColor>-16777216</backgroundColor>
<lineWidth>1</lineWidth>
<points>
<point x="543" y="728"/>
<point x="636" y="696"/>
</points>
</Connector>
<Connector class="oracle.dbtools.crest.swingui.relational.TVFKRelation" oid="6D14E406-D6CC-4C6F-E46A-02F176CE788F" otype="FKIndexAssociation" vid_source="3AFD5011-2C97-52E2-ECD0-E305A3423601" vid_target="B98E8381-DEB5-C7BB-16AC-18A8D0E477C5">
<hideElementsInCurrentOnly>false</hideElementsInCurrentOnly>
<backgroundColor>-16777216</backgroundColor>
<lineWidth>1</lineWidth>
<points>
<point x="518" y="264"/>
<point x="518" y="513"/>
</points>
</Connector>
<Connector class="oracle.dbtools.crest.swingui.relational.TVFKRelation" oid="6F9D3650-FA5C-D943-0D5C-D43E7D1CA415" otype="FKIndexAssociation" vid_source="B8313051-AEC3-2E61-F7FB-D57B278BE4E7" vid_target="9F887043-C406-E7FE-6B8B-154740F6BBE5">
<hideElementsInCurrentOnly>false</hideElementsInCurrentOnly>
<backgroundColor>-16777216</backgroundColor>
<lineWidth>1</lineWidth>
<points>
<point x="119" y="435"/>
<point x="119" y="394"/>
</points>
</Connector>
<Connector class="oracle.dbtools.crest.swingui.relational.TVFKRelation" oid="8118F5A8-4D29-396C-4AEC-326658E5B249" otype="FKIndexAssociation" vid_source="7F98AF45-3FA2-C4BA-77F3-7B5134F8ECCF" vid_target="3AFD5011-2C97-52E2-ECD0-E305A3423601">
<hideElementsInCurrentOnly>false</hideElementsInCurrentOnly>
<backgroundColor>-16777216</backgroundColor>
<lineWidth>1</lineWidth>
<points>
<point x="868" y="126"/>
<point x="816" y="126"/>
</points>
</Connector>
<Connector class="oracle.dbtools.crest.swingui.relational.TVFKRelation" oid="84C0BF62-5577-C811-24F4-E7790ADED73D" otype="FKIndexAssociation" vid_source="3AFD5011-2C97-52E2-ECD0-E305A3423601" vid_target="E63087A1-D78B-663F-20C7-65AC711E6535">
<hideElementsInCurrentOnly>false</hideElementsInCurrentOnly>
<backgroundColor>-16777216</backgroundColor>
<lineWidth>1</lineWidth>
<points>
<point x="816" y="252"/>
<point x="909" y="252"/>
</points>
</Connector>
<Connector class="oracle.dbtools.crest.swingui.relational.TVFKRelation" oid="CD5F8C32-377C-9853-D482-C40AA5FA5CBA" otype="FKIndexAssociation" vid_source="4E9CAF9B-8384-DD3D-86D4-897D8BC409B0" vid_target="76FA5633-16A2-F763-5153-CD7FBE036C7A">
<hideElementsInCurrentOnly>false</hideElementsInCurrentOnly>
<backgroundColor>-16777216</backgroundColor>
<lineWidth>1</lineWidth>
<points>
<point x="306" y="312"/>
<point x="306" y="239"/>
</points>
</Connector>
<Connector class="oracle.dbtools.crest.swingui.relational.TVFKRelation" oid="CDCE5A0D-16C6-9319-B99A-46E737E4A87F" otype="FKIndexAssociation" vid_source="76FA5633-16A2-F763-5153-CD7FBE036C7A" vid_target="3AFD5011-2C97-52E2-ECD0-E305A3423601">
<hideElementsInCurrentOnly>false</hideElementsInCurrentOnly>
<backgroundColor>-16777216</backgroundColor>
<lineWidth>1</lineWidth>
<points>
<point x="388" y="136"/>
<point x="485" y="136"/>
</points>
</Connector>
</connectors>
</Diagram>