<?xml version = '1.0' encoding = 'UTF-8'?>
<Table class="oracle.dbtools.crest.model.design.relational.Table" directorySegmentName="seg_0" id="3A962405-59F5-4C80-09F8-A9AD8950D228" name="MEDICO">
<createdBy>svasquez</createdBy>
<createdTime>2025-09-09 02:08:36 UTC</createdTime>
<generatorID>B5B82B70-B6AB-F605-90C6-EA41054CDA4A</generatorID>
<ownerDesignName>Exp2_S5_Alberto_Agustin_Garcia</ownerDesignName>
<allowColumnReorder>false</allowColumnReorder>
<existDependencyGenerateInDDl>true</existDependencyGenerateInDDl>
<parsed>true</parsed>
<columns itemClass="oracle.dbtools.crest.model.design.relational.Column">
<Column name="id_medico" id="76E3FDBD-B350-031C-6166-B79DFBCEB3C5">
<createdBy>svasquez</createdBy>
<createdTime>2025-09-09 02:08:36 UTC</createdTime>
<generatorID>1CEA23C6-362A-FF83-35D2-B113F97A3B3A</generatorID>
<ownerDesignName>Exp2_S5_Alberto_Agustin_Garcia</ownerDesignName>
<useDomainConstraints>false</useDomainConstraints>
<use>1</use>
<logicalDatatype>LOGDT019</logicalDatatype>
<dataTypePrecision>3</dataTypePrecision>
<ownDataTypeParameters>,3,</ownDataTypeParameters>
<autoIncrementCycle>false</autoIncrementCycle>
</Column>
<Column name="rut_medico" id="CDFEFF65-F724-40EC-407B-2AE330297468">
<createdBy>svasquez</createdBy>
<createdTime>2025-09-09 02:08:36 UTC</createdTime>
<generatorID>438FD14D-CC85-95E8-343C-CE5FCBC69564</generatorID>
<ownerDesignName>Exp2_S5_Alberto_Agustin_Garcia</ownerDesignName>
<useDomainConstraints>false</useDomainConstraints>
<use>1</use>
<logicalDatatype>LOGDT024</logicalDatatype>
<dataTypeSize>10</dataTypeSize>
<ownDataTypeParameters>10,,</ownDataTypeParameters>
<autoIncrementCycle>false</autoIncrementCycle>
</Column>
<Column name="nombre_medico" id="7DDEB2A8-F34F-FC48-D529-29B36B5ECF40">
<createdBy>svasquez</createdBy>
<createdTime>2025-09-09 02:08:36 UTC</createdTime>
<generatorID>AF776C5E-0204-F337-A5EA-E625D121950B</generatorID>
<ownerDesignName>Exp2_S5_Alberto_Agustin_Garcia</ownerDesignName>
<useDomainConstraints>false</useDomainConstraints>
<use>1</use>
<logicalDatatype>LOGDT024</logicalDatatype>
<dataTypeSize>15</dataTypeSize>
<ownDataTypeParameters>15,,</ownDataTypeParameters>
<autoIncrementCycle>false</autoIncrementCycle>
</Column>
<Column name="primer_apellido" id="F2570028-C773-13DE-C40D-785C93916B67">
<createdBy>svasquez</createdBy>
<createdTime>2025-09-09 02:08:36 UTC</createdTime>
<generatorID>0453A2B4-649D-810A-3F86-7735219968E1</generatorID>
<ownerDesignName>Exp2_S5_Alberto_Agustin_Garcia</ownerDesignName>
<useDomainConstraints>false</useDomainConstraints>
<use>1</use>
<logicalDatatype>LOGDT024</logicalDatatype>
<dataTypeSize>15</dataTypeSize>
<ownDataTypeParameters>15,,</ownDataTypeParameters>
<autoIncrementCycle>false</autoIncrementCycle>
</Column>
<Column name="segundo_apellido" id="E4B35412-7FF6-48F4-AF5B-C92EB9D39F69">
<createdBy>svasquez</createdBy>
<createdTime>2025-09-09 02:08:36 UTC</createdTime>
<generatorID>05CBC9F8-19E5-C56D-3266-C57ADAFD54EA</generatorID>
<ownerDesignName>Exp2_S5_Alberto_Agustin_Garcia</ownerDesignName>
<useDomainConstraints>false</useDomainConstraints>
<use>1</use>
<logicalDatatype>LOGDT024</logicalDatatype>
<dataTypeSize>15</dataTypeSize>
<ownDataTypeParameters>15,,</ownDataTypeParameters>
<autoIncrementCycle>false</autoIncrementCycle>
</Column>
<Column name="fecha_ingreso" id="91B9DB77-34A2-5848-BCBB-8BFC3540C9DF">
<createdBy>svasquez</createdBy>
<createdTime>2025-09-09 02:08:36 UTC</createdTime>
<generatorID>02903A70-5313-5ADE-5F90-E91BAE137EB0</generatorID>
<ownerDesignName>Exp2_S5_Alberto_Agustin_Garcia</ownerDesignName>
<useDomainConstraints>false</useDomainConstraints>
<use>1</use>
<logicalDatatype>LOGDT007</logicalDatatype>
<ownDataTypeParameters>,,</ownDataTypeParameters>
<autoIncrementCycle>false</autoIncrementCycle>
</Column>
<Column name="ESPECIALIDAD_id_especialidad" id="CC86E863-083E-7508-415F-D75845CCD3DB">
<createdBy>svasquez</createdBy>
<createdTime>2025-09-09 23:30:40 UTC</createdTime>
<generatorID>90B81085-698D-1EE0-6509-3D1E6C6C4E7B</generatorID>
<ownerDesignName>Exp2_S5_Alberto_Agustin_Garcia</ownerDesignName>
<nullsAllowed>true</nullsAllowed>
<useDomainConstraints>false</useDomainConstraints>
<use>1</use>
<logicalDatatype>LOGDT019</logicalDatatype>
<dataTypePrecision>100</dataTypePrecision>
<ownDataTypeParameters>,100,</ownDataTypeParameters>
<previousColumn>false</previousColumn>
<autoIncrementCycle>false</autoIncrementCycle>
<associations>
<colAssociation fkAssociation="0250E2C8-006C-0BD0-D7FD-D4C343FD2127" referredColumn="B9FB5E64-E851-5CAA-CCF2-8786DE638264"/>
</associations>
</Column>
<Column name="AFP_id_afp" id="D7D58568-064C-E72E-155C-43A985E40D25">
<createdBy>svasquez</createdBy>
<createdTime>2025-09-09 23:30:40 UTC</createdTime>
<generatorID>1A78EAF3-1BB1-6559-78BE-9B004528F3C3</generatorID>
<ownerDesignName>Exp2_S5_Alberto_Agustin_Garcia</ownerDesignName>
<useDomainConstraints>false</useDomainConstraints>
<use>1</use>
<logicalDatatype>LOGDT019</logicalDatatype>
<dataTypePrecision>10</dataTypePrecision>
<ownDataTypeParameters>,10,</ownDataTypeParameters>
<previousColumn>false</previousColumn>
<autoIncrementCycle>false</autoIncrementCycle>
<associations>
<colAssociation fkAssociation="8118F5A8-4D29-396C-4AEC-326658E5B249" referredColumn="8770E44E-3F8F-945F-68FC-EF7BC8703314"/>
</associations>
</Column>
<Column name="PACIENTE_id_paciente" id="5940959E-EDA2-AFD2-63C9-ABBE21566ED9">
<createdBy>Flekz13</createdBy>
<createdTime>2025-09-15 23:40:47 UTC</createdTime>
<ownerDesignName>Exp2_S5_Alberto_Agustin_Garcia</ownerDesignName>
<useDomainConstraints>false</useDomainConstraints>
<use>1</use>
<logicalDatatype>LOGDT019</logicalDatatype>
<dataTypePrecision>1000</dataTypePrecision>
<ownDataTypeParameters>,,</ownDataTypeParameters>
<previousColumn>false</previousColumn>
<autoIncrementCycle>false</autoIncrementCycle>
<associations>
<colAssociation fkAssociation="CDCE5A0D-16C6-9319-B99A-46E737E4A87F" referredColumn="051B7EAF-1531-F8BF-01A2-505280F61069"/>
</associations>
</Column>
</columns>
<indexes itemClass="oracle.dbtools.crest.model.design.relational.Index">
<ind_PK_UK id="BF6FB234-68D4-3A14-2EDD-B7FFC6F7374E" name="MEDICO_PK">
<createdBy>svasquez</createdBy>
<createdTime>2025-09-09 02:08:36 UTC</createdTime>
<generatorID>C5B7DFF7-4708-0AA9-F6CA-AB26A5EF0E2C</generatorID>
<ownerDesignName>Exp2_S5_Alberto_Agustin_Garcia</ownerDesignName>
<pk>true</pk>
<indexState>Primary Constraint</indexState>
<isSurrogateKey>false</isSurrogateKey>
<indexColumnUsage>
<colUsage columnID="76E3FDBD-B350-031C-6166-B79DFBCEB3C5"/>
</indexColumnUsage>
</ind_PK_UK>
<ind_PK_UK id="0914C78C-6ADE-160B-456C-F4C7F02407FA" name="MEDICO_rut_medico_UN">
<createdBy>svasquez</createdBy>
<createdTime>2025-09-09 02:08:36 UTC</createdTime>
<generatorID>A05B656F-EAB4-BD59-F003-AAAEE0F91A2A</generatorID>
<ownerDesignName>Exp2_S5_Alberto_Agustin_Garcia</ownerDesignName>
<indexState>Unique Constraint</indexState>
<isSurrogateKey>false</isSurrogateKey>
<indexColumnUsage>
<colUsage columnID="CDFEFF65-F724-40EC-407B-2AE330297468"/>
</indexColumnUsage>
</ind_PK_UK>
<ind_PK_UK id="7CC80BD8-4403-01FC-8023-F1FBEF1DE521" name="MEDICO_ESPECIALIDAD_FK">
<createdBy>svasquez</createdBy>
<createdTime>2025-09-09 23:30:40 UTC</createdTime>
<generatorID>64B97D20-4AF7-5A41-B809-4EE1596C69B9</generatorID>
<ownerDesignName>Exp2_S5_Alberto_Agustin_Garcia</ownerDesignName>
<indexState>Foreign Key</indexState>
<isSurrogateKey>false</isSurrogateKey>
<indexColumnUsage>
<colUsage columnID="CC86E863-083E-7508-415F-D75845CCD3DB"/>
</indexColumnUsage>
</ind_PK_UK>
<ind_PK_UK id="0FE82081-D8D7-C50F-0D54-B5904F9EC39D" name="MEDICO_AFP_FK">
<createdBy>svasquez</createdBy>
<createdTime>2025-09-09 23:30:40 UTC</createdTime>
<generatorID>F86734DD-6C84-2C85-4F10-D849F4C0C19D</generatorID>
<ownerDesignName>Exp2_S5_Alberto_Agustin_Garcia</ownerDesignName>
<indexState>Foreign Key</indexState>
<isSurrogateKey>false</isSurrogateKey>
<indexColumnUsage>
<colUsage columnID="D7D58568-064C-E72E-155C-43A985E40D25"/>
</indexColumnUsage>
</ind_PK_UK>
<ind_PK_UK id="86E65B37-E730-778E-91E1-8C18C075AF6B" name="MEDICO_PACIENTE_FK">
<createdBy>Flekz13</createdBy>
<createdTime>2025-09-15 23:40:47 UTC</createdTime>
<generatorID>53DD10FE-0A7E-92CF-81B9-D594698F92C8</generatorID>
<ownerDesignName>Exp2_S5_Alberto_Agustin_Garcia</ownerDesignName>
<indexState>Foreign Key</indexState>
<isSurrogateKey>false</isSurrogateKey>
<indexColumnUsage>
<colUsage columnID="5940959E-EDA2-AFD2-63C9-ABBE21566ED9"/>
</indexColumnUsage>
</ind_PK_UK>
</indexes>
</Table>