<?xml version = '1.0' encoding = 'UTF-8'?>
<Table class="oracle.dbtools.crest.model.design.relational.Table" directorySegmentName="seg_0" id="62CA525C-8E76-9651-C24C-71C83ECBADFD" name="ATENCION_MEDICA">
<createdBy>svasquez</createdBy>
<createdTime>2025-09-09 02:08:36 UTC</createdTime>
<generatorID>33C9FE1E-FFF3-0385-956F-231CF1D9A3F2</generatorID>
<ownerDesignName>Exp2_S5_Alberto_Agustin_Garcia</ownerDesignName>
<allowColumnReorder>false</allowColumnReorder>
<existDependencyGenerateInDDl>true</existDependencyGenerateInDDl>
<parsed>true</parsed>
<columns itemClass="oracle.dbtools.crest.model.design.relational.Column">
<Column name="id_atencion" id="D7139197-E1BA-8923-CE79-F1D8055AB1FC">
<createdBy>svasquez</createdBy>
<createdTime>2025-09-09 02:08:36 UTC</createdTime>
<generatorID>33835328-AACB-117E-D48F-3810AE838631</generatorID>
<ownerDesignName>Exp2_S5_Alberto_Agustin_Garcia</ownerDesignName>
<useDomainConstraints>false</useDomainConstraints>
<use>1</use>
<logicalDatatype>LOGDT019</logicalDatatype>
<dataTypePrecision>1000</dataTypePrecision>
<ownDataTypeParameters>,1000,</ownDataTypeParameters>
<autoIncrementCycle>false</autoIncrementCycle>
</Column>
<Column name="fecha_atencion" id="5738207B-150A-011F-C705-F8F521431FD5">
<createdBy>svasquez</createdBy>
<createdTime>2025-09-09 02:08:36 UTC</createdTime>
<generatorID>1E443C5C-2E83-3DBC-6F96-B15686DA4EAA</generatorID>
<ownerDesignName>Exp2_S5_Alberto_Agustin_Garcia</ownerDesignName>
<useDomainConstraints>false</useDomainConstraints>
<use>1</use>
<logicalDatatype>LOGDT007</logicalDatatype>
<ownDataTypeParameters>,,</ownDataTypeParameters>
<autoIncrementCycle>false</autoIncrementCycle>
</Column>
<Column name="monto_pagado" id="DCBBECDF-7DA3-95C5-D06E-8102129C2187">
<createdBy>svasquez</createdBy>
<createdTime>2025-09-09 02:08:36 UTC</createdTime>
<generatorID>7E36E189-B852-8A1C-3F8B-C335590C8562</generatorID>
<ownerDesignName>Exp2_S5_Alberto_Agustin_Garcia</ownerDesignName>
<useDomainConstraints>false</useDomainConstraints>
<use>1</use>
<logicalDatatype>LOGDT019</logicalDatatype>
<dataTypePrecision>1000</dataTypePrecision>
<ownDataTypeParameters>,1000,</ownDataTypeParameters>
<autoIncrementCycle>false</autoIncrementCycle>
</Column>
<Column name="MEDICO_id_medico" id="E1AECC7B-0E6A-C17E-5E67-9C1952D6F55F">
<createdBy>svasquez</createdBy>
<createdTime>2025-09-09 23:30:40 UTC</createdTime>
<generatorID>1D2E6C6F-7AD4-3DD7-07EE-BC63C7FEAE78</generatorID>
<ownerDesignName>Exp2_S5_Alberto_Agustin_Garcia</ownerDesignName>
<useDomainConstraints>false</useDomainConstraints>
<use>1</use>
<logicalDatatype>LOGDT019</logicalDatatype>
<dataTypePrecision>3</dataTypePrecision>
<ownDataTypeParameters>,3,</ownDataTypeParameters>
<previousColumn>false</previousColumn>
<autoIncrementCycle>false</autoIncrementCycle>
<associations>
<colAssociation fkAssociation="6D14E406-D6CC-4C6F-E46A-02F176CE788F" referredColumn="76E3FDBD-B350-031C-6166-B79DFBCEB3C5"/>
</associations>
</Column>
</columns>
<indexes itemClass="oracle.dbtools.crest.model.design.relational.Index">
<ind_PK_UK id="E4B47AFC-8962-AB86-73FD-8204DD3D1CF1" name="ATENCION_MEDICA_PK">
<createdBy>svasquez</createdBy>
<createdTime>2025-09-09 02:08:36 UTC</createdTime>
<generatorID>09232E58-E239-2752-1A86-72B8BEAFAE50</generatorID>
<ownerDesignName>Exp2_S5_Alberto_Agustin_Garcia</ownerDesignName>
<pk>true</pk>
<indexState>Primary Constraint</indexState>
<isSurrogateKey>false</isSurrogateKey>
<indexColumnUsage>
<colUsage columnID="D7139197-E1BA-8923-CE79-F1D8055AB1FC"/>
</indexColumnUsage>
</ind_PK_UK>
<ind_PK_UK id="98A2F27D-281C-B616-2071-764734F42B9D" name="ATENCION_MEDICA_MEDICO_FK">
<createdBy>svasquez</createdBy>
<createdTime>2025-09-09 23:30:40 UTC</createdTime>
<generatorID>D7EAEF0A-FD17-4BED-FE8F-F39692315311</generatorID>
<ownerDesignName>Exp2_S5_Alberto_Agustin_Garcia</ownerDesignName>
<indexState>Foreign Key</indexState>
<isSurrogateKey>false</isSurrogateKey>
<indexColumnUsage>
<colUsage columnID="E1AECC7B-0E6A-C17E-5E67-9C1952D6F55F"/>
</indexColumnUsage>
</ind_PK_UK>
</indexes>
</Table>