<?xml version = '1.0' encoding = 'UTF-8'?>
<Table class="oracle.dbtools.crest.model.design.relational.Table" directorySegmentName="seg_0" id="C7588112-4EFB-A01E-57F5-6658CB03AA74" name="INSTITUCION_SALUD">
<createdBy>Flekz13</createdBy>
<createdTime>2025-09-15 00:55:24 UTC</createdTime>
<ownerDesignName>Exp2_S5_Alberto_Agustin_Garcia</ownerDesignName>
<ordsAlias>table_11</ordsAlias>
<allowColumnReorder>false</allowColumnReorder>
<existDependencyGenerateInDDl>true</existDependencyGenerateInDDl>
<parsed>true</parsed>
<columns itemClass="oracle.dbtools.crest.model.design.relational.Column">
<Column name="id_salud" id="8809F1A2-9121-C87B-6BB1-E79C0DAF0AA6">
<createdBy>Flekz13</createdBy>
<createdTime>2025-09-15 00:56:52 UTC</createdTime>
<ownerDesignName>Exp2_S5_Alberto_Agustin_Garcia</ownerDesignName>
<useDomainConstraints>false</useDomainConstraints>
<use>1</use>
<logicalDatatype>LOGDT024</logicalDatatype>
<ownDataTypeParameters>,,</ownDataTypeParameters>
<autoIncrementCycle>false</autoIncrementCycle>
</Column>
<Column name="codigo" id="C14C1E42-2CA7-CCAB-3391-FD6EE46D857C">
<createdBy>Flekz13</createdBy>
<createdTime>2025-09-15 00:56:52 UTC</createdTime>
<ownerDesignName>Exp2_S5_Alberto_Agustin_Garcia</ownerDesignName>
<useDomainConstraints>false</useDomainConstraints>
<use>1</use>
<logicalDatatype>LOGDT019</logicalDatatype>
<ownDataTypeParameters>,,</ownDataTypeParameters>
<autoIncrementCycle>false</autoIncrementCycle>
</Column>
<Column name="nombre" id="48C3C5A0-AA69-ABB7-4138-62EF8F5EBB3F">
<createdBy>Flekz13</createdBy>
<createdTime>2025-09-15 00:56:52 UTC</createdTime>
<ownerDesignName>Exp2_S5_Alberto_Agustin_Garcia</ownerDesignName>
<nullsAllowed>true</nullsAllowed>
<useDomainConstraints>false</useDomainConstraints>
<use>1</use>
<logicalDatatype>LOGDT024</logicalDatatype>
<ownDataTypeParameters>,,</ownDataTypeParameters>
<autoIncrementCycle>false</autoIncrementCycle>
</Column>
<Column name="MEDICO_id_medico" id="B51D618D-2F6B-36B8-EFEA-A02409687296">
<createdBy>Flekz13</createdBy>
<createdTime>2025-09-15 01:18:23 UTC</createdTime>
<ownerDesignName>Exp2_S5_Alberto_Agustin_Garcia</ownerDesignName>
<useDomainConstraints>false</useDomainConstraints>
<use>1</use>
<logicalDatatype>LOGDT019</logicalDatatype>
<dataTypePrecision>3</dataTypePrecision>
<ownDataTypeParameters>,,</ownDataTypeParameters>
<previousColumn>false</previousColumn>
<autoIncrementCycle>false</autoIncrementCycle>
<associations>
<colAssociation fkAssociation="84C0BF62-5577-C811-24F4-E7790ADED73D" referredColumn="76E3FDBD-B350-031C-6166-B79DFBCEB3C5"/>
</associations>
</Column>
</columns>
<indexes itemClass="oracle.dbtools.crest.model.design.relational.Index">
<ind_PK_UK id="679A3660-33C1-7BC6-9AFB-40314CD3A7BA" name="INSTITUCION_SALUD_PK">
<createdBy>Flekz13</createdBy>
<createdTime>2025-09-15 00:56:52 UTC</createdTime>
<ownerDesignName>Exp2_S5_Alberto_Agustin_Garcia</ownerDesignName>
<pk>true</pk>
<indexState>Primary Constraint</indexState>
<isSurrogateKey>false</isSurrogateKey>
<indexColumnUsage>
<colUsage columnID="8809F1A2-9121-C87B-6BB1-E79C0DAF0AA6"/>
</indexColumnUsage>
</ind_PK_UK>
<ind_PK_UK id="9FEEEF7C-3D88-A0F6-DC5C-86B71A858C9F" name="INSTITUCION_SALUD_MEDICO_FK">
<createdBy>Flekz13</createdBy>
<createdTime>2025-09-15 01:18:23 UTC</createdTime>
<generatorID>C5B7DFF7-4708-0AA9-F6CA-AB26A5EF0E2C</generatorID>
<ownerDesignName>Exp2_S5_Alberto_Agustin_Garcia</ownerDesignName>
<indexState>Foreign Key</indexState>
<isSurrogateKey>false</isSurrogateKey>
<indexColumnUsage>
<colUsage columnID="B51D618D-2F6B-36B8-EFEA-A02409687296"/>
</indexColumnUsage>
</ind_PK_UK>
</indexes>
</Table>