<?xml version = '1.0' encoding = 'UTF-8'?>
<Entity class="oracle.dbtools.crest.model.design.logical.Entity" directorySegmentName="seg_0" id="2E23C86E-B49E-C5D5-10B9-2729A3543C8B" name="MEDIO_PAGO">
<createdBy>svasquez</createdBy>
<createdTime>2025-09-09 01:33:54 UTC</createdTime>
<ownerDesignName>Exp2_S5_Alberto_Agustin_Garcia</ownerDesignName>
<engineerTo>
<item key="882FDD28-50ED-9AE9-CF65-683AF5C28861" value="true"/>
</engineerTo>
<adequatelyNormalized>NO</adequatelyNormalized>
<expectedVolumes>0</expectedVolumes>
<fwdEngineeringStrategyName>Single Table</fwdEngineeringStrategyName>
<growthPercent>0</growthPercent>
<growthType>Year</growthType>
<maxVolumes>9999999</maxVolumes>
<minVolumes>0</minVolumes>
<normalForm>Third</normalForm>
<attributes itemClass="oracle.dbtools.crest.model.design.logical.Attribute">
<Attribute name="id_medio_pago" id="F7D05C2E-2462-C697-A41C-E2CD0D5C8198">
<createdBy>svasquez</createdBy>
<createdTime>2025-09-09 01:34:30 UTC</createdTime>
<ownerDesignName>Exp2_S5_Alberto_Agustin_Garcia</ownerDesignName>
<engineerTo>
<item key="882FDD28-50ED-9AE9-CF65-683AF5C28861" value="true"/>
</engineerTo>
<useDomainConstraints>false</useDomainConstraints>
<use>1</use>
<logicalDatatype>LOGDT019</logicalDatatype>
<dataTypePrecision>1000</dataTypePrecision>
<ownDataTypeParameters>,1000,</ownDataTypeParameters>
</Attribute>
<Attribute name="tipo_medio_pago" id="12CF7C5E-13F7-0228-5838-ED7D88407A1C">
<createdBy>svasquez</createdBy>
<createdTime>2025-09-09 01:34:54 UTC</createdTime>
<ownerDesignName>Exp2_S5_Alberto_Agustin_Garcia</ownerDesignName>
<engineerTo>
<item key="882FDD28-50ED-9AE9-CF65-683AF5C28861" value="true"/>
</engineerTo>
<useDomainConstraints>false</useDomainConstraints>
<use>1</use>
<logicalDatatype>LOGDT024</logicalDatatype>
<dataTypeSize>255</dataTypeSize>
<ownDataTypeParameters>255,,</ownDataTypeParameters>
</Attribute>
<Attribute name="descripcion" id="36C23044-90BB-F3EC-DBBF-ED28C007AA98">
<createdBy>svasquez</createdBy>
<createdTime>2025-09-09 01:35:22 UTC</createdTime>
<ownerDesignName>Exp2_S5_Alberto_Agustin_Garcia</ownerDesignName>
<engineerTo>
<item key="882FDD28-50ED-9AE9-CF65-683AF5C28861" value="true"/>
</engineerTo>
<nullsAllowed>true</nullsAllowed>
<useDomainConstraints>false</useDomainConstraints>
<use>1</use>
<logicalDatatype>LOGDT024</logicalDatatype>
<dataTypeSize>255</dataTypeSize>
<ownDataTypeParameters>255,,</ownDataTypeParameters>
</Attribute>
<Attribute name="id_atencion" id="FF126767-B525-44DF-F839-FCE14677534C">
<createdBy>svasquez</createdBy>
<createdTime>2025-09-09 23:13:54 UTC</createdTime>
<generatorID>3C17646F-B0F8-2544-9506-FC6134760545</generatorID>
<ownerDesignName>Exp2_S5_Alberto_Agustin_Garcia</ownerDesignName>
<engineerTo>
<item key="882FDD28-50ED-9AE9-CF65-683AF5C28861" value="true"/>
</engineerTo>
<referedAttribute>33835328-AACB-117E-D48F-3810AE838631</referedAttribute>
<useDomainConstraints>false</useDomainConstraints>
<use>1</use>
<logicalDatatype>LOGDT019</logicalDatatype>
<dataTypePrecision>1000</dataTypePrecision>
<ownDataTypeParameters>,,</ownDataTypeParameters>
</Attribute>
</attributes>
<identifiers itemClass="oracle.dbtools.crest.model.design.logical.CandidateKey">
<identifier id="689D64AA-7952-0D76-1918-5F2C6CB40DC4" name="MEDIO_PAGO PK">
<createdBy>svasquez</createdBy>
<createdTime>2025-09-09 01:34:53 UTC</createdTime>
<ownerDesignName>Exp2_S5_Alberto_Agustin_Garcia</ownerDesignName>
<shouldEngineer>false</shouldEngineer>
<engineerTo>
<item key="882FDD28-50ED-9AE9-CF65-683AF5C28861" value="false"/>
</engineerTo>
<pk>true</pk>
<usedAttributes>
<attributeRef>F7D05C2E-2462-C697-A41C-E2CD0D5C8198</attributeRef>
</usedAttributes>
</identifier>
</identifiers>
</Entity>