<?xml version = '1.0' encoding = 'UTF-8'?>
<Entity class="oracle.dbtools.crest.model.design.logical.Entity" directorySegmentName="seg_0" id="33C9FE1E-FFF3-0385-956F-231CF1D9A3F2" name="ATENCION_MEDICA">
<createdBy>svasquez</createdBy>
<createdTime>2025-09-09 01:32:19 UTC</createdTime>
<ownerDesignName>Exp2_S5_Alberto_Agustin_Garcia</ownerDesignName>
<engineerTo>
<item key="882FDD28-50ED-9AE9-CF65-683AF5C28861" value="true"/>
</engineerTo>
<adequatelyNormalized>NO</adequatelyNormalized>
<expectedVolumes>0</expectedVolumes>
<fwdEngineeringStrategyName>Single Table</fwdEngineeringStrategyName>
<growthPercent>0</growthPercent>
<growthType>Year</growthType>
<maxVolumes>9999999</maxVolumes>
<minVolumes>0</minVolumes>
<normalForm>Third</normalForm>
<attributes itemClass="oracle.dbtools.crest.model.design.logical.Attribute">
<Attribute name="id_atencion" id="33835328-AACB-117E-D48F-3810AE838631">
<createdBy>svasquez</createdBy>
<createdTime>2025-09-09 01:32:28 UTC</createdTime>
<ownerDesignName>Exp2_S5_Alberto_Agustin_Garcia</ownerDesignName>
<engineerTo>
<item key="882FDD28-50ED-9AE9-CF65-683AF5C28861" value="true"/>
</engineerTo>
<useDomainConstraints>false</useDomainConstraints>
<use>1</use>
<logicalDatatype>LOGDT019</logicalDatatype>
<dataTypePrecision>1000</dataTypePrecision>
<ownDataTypeParameters>,1000,</ownDataTypeParameters>
</Attribute>
<Attribute name="fecha_atencion" id="1E443C5C-2E83-3DBC-6F96-B15686DA4EAA">
<createdBy>svasquez</createdBy>
<createdTime>2025-09-09 01:32:54 UTC</createdTime>
<ownerDesignName>Exp2_S5_Alberto_Agustin_Garcia</ownerDesignName>
<engineerTo>
<item key="882FDD28-50ED-9AE9-CF65-683AF5C28861" value="true"/>
</engineerTo>
<useDomainConstraints>false</useDomainConstraints>
<use>1</use>
<logicalDatatype>LOGDT007</logicalDatatype>
<ownDataTypeParameters>,,</ownDataTypeParameters>
</Attribute>
<Attribute name="monto_pagado" id="7E36E189-B852-8A1C-3F8B-C335590C8562">
<createdBy>svasquez</createdBy>
<createdTime>2025-09-09 01:33:07 UTC</createdTime>
<ownerDesignName>Exp2_S5_Alberto_Agustin_Garcia</ownerDesignName>
<engineerTo>
<item key="882FDD28-50ED-9AE9-CF65-683AF5C28861" value="true"/>
</engineerTo>
<useDomainConstraints>false</useDomainConstraints>
<use>1</use>
<logicalDatatype>LOGDT019</logicalDatatype>
<dataTypePrecision>1000</dataTypePrecision>
<ownDataTypeParameters>,1000,</ownDataTypeParameters>
</Attribute>
<Attribute name="id_medico" id="1D2E6C6F-7AD4-3DD7-07EE-BC63C7FEAE78">
<createdBy>svasquez</createdBy>
<createdTime>2025-09-09 23:11:57 UTC</createdTime>
<generatorID>D7EAEF0A-FD17-4BED-FE8F-F39692315311</generatorID>
<ownerDesignName>Exp2_S5_Alberto_Agustin_Garcia</ownerDesignName>
<engineerTo>
<item key="882FDD28-50ED-9AE9-CF65-683AF5C28861" value="true"/>
</engineerTo>
<referedAttribute>1CEA23C6-362A-FF83-35D2-B113F97A3B3A</referedAttribute>
<useDomainConstraints>false</useDomainConstraints>
<use>1</use>
<logicalDatatype>LOGDT019</logicalDatatype>
<dataTypePrecision>3</dataTypePrecision>
<ownDataTypeParameters>,,</ownDataTypeParameters>
</Attribute>
<Attribute name="diagnostico" id="CF028ED8-9440-11A9-9191-11958FBEE4E6">
<createdBy>Flekz13</createdBy>
<createdTime>2025-09-14 03:05:33 UTC</createdTime>
<ownerDesignName>Exp2_S5_Alberto_Agustin_Garcia</ownerDesignName>
<engineerTo>
<item key="882FDD28-50ED-9AE9-CF65-683AF5C28861" value="true"/>
</engineerTo>
<useDomainConstraints>false</useDomainConstraints>
<use>1</use>
<logicalDatatype>LOGDT024</logicalDatatype>
<dataTypeSize>500</dataTypeSize>
<ownDataTypeParameters>500,,</ownDataTypeParameters>
</Attribute>
</attributes>
<identifiers itemClass="oracle.dbtools.crest.model.design.logical.CandidateKey">
<identifier id="09232E58-E239-2752-1A86-72B8BEAFAE50" name="ATENCION_MEDICA PK">
<createdBy>svasquez</createdBy>
<createdTime>2025-09-09 01:32:42 UTC</createdTime>
<ownerDesignName>Exp2_S5_Alberto_Agustin_Garcia</ownerDesignName>
<shouldEngineer>false</shouldEngineer>
<engineerTo>
<item key="882FDD28-50ED-9AE9-CF65-683AF5C28861" value="false"/>
</engineerTo>
<pk>true</pk>
<usedAttributes>
<attributeRef>33835328-AACB-117E-D48F-3810AE838631</attributeRef>
</usedAttributes>
</identifier>
</identifiers>
</Entity>