<?xml version = '1.0' encoding = 'UTF-8'?>
<Entity class="oracle.dbtools.crest.model.design.logical.Entity" directorySegmentName="seg_0" id="507E0441-C973-442E-CCB2-6AB94B472F40" name="PACIENTE">
<createdBy>svasquez</createdBy>
<createdTime>2025-09-09 01:15:37 UTC</createdTime>
<ownerDesignName>Exp2_S5_Alberto_Agustin_Garcia</ownerDesignName>
<engineerTo>
<item key="882FDD28-50ED-9AE9-CF65-683AF5C28861" value="true"/>
</engineerTo>
<adequatelyNormalized>NO</adequatelyNormalized>
<expectedVolumes>0</expectedVolumes>
<fwdEngineeringStrategyName>Single Table</fwdEngineeringStrategyName>
<growthPercent>0</growthPercent>
<growthType>Year</growthType>
<maxVolumes>9999999</maxVolumes>
<minVolumes>0</minVolumes>
<normalForm>Third</normalForm>
<attributes itemClass="oracle.dbtools.crest.model.design.logical.Attribute">
<Attribute name="id_paciente" id="916CFF98-AA14-3D82-824C-4B525890C994">
<createdBy>svasquez</createdBy>
<createdTime>2025-09-09 01:15:56 UTC</createdTime>
<ownerDesignName>Exp2_S5_Alberto_Agustin_Garcia</ownerDesignName>
<engineerTo>
<item key="882FDD28-50ED-9AE9-CF65-683AF5C28861" value="true"/>
</engineerTo>
<useDomainConstraints>false</useDomainConstraints>
<use>1</use>
<logicalDatatype>LOGDT019</logicalDatatype>
<dataTypePrecision>1000</dataTypePrecision>
<ownDataTypeParameters>,1000,</ownDataTypeParameters>
</Attribute>
<Attribute name="rut_paciente" id="F185E4D0-8423-4EF1-C3FB-A127E9C89F21">
<createdBy>svasquez</createdBy>
<createdTime>2025-09-09 01:20:57 UTC</createdTime>
<ownerDesignName>Exp2_S5_Alberto_Agustin_Garcia</ownerDesignName>
<engineerTo>
<item key="882FDD28-50ED-9AE9-CF65-683AF5C28861" value="true"/>
</engineerTo>
<useDomainConstraints>false</useDomainConstraints>
<use>1</use>
<logicalDatatype>LOGDT024</logicalDatatype>
<dataTypeSize>10</dataTypeSize>
<ownDataTypeParameters>10,,</ownDataTypeParameters>
</Attribute>
<Attribute name="nombre_paciente" id="132CB3CD-7B46-5B34-B7D3-56BDD1E65D82">
<createdBy>svasquez</createdBy>
<createdTime>2025-09-09 01:22:39 UTC</createdTime>
<ownerDesignName>Exp2_S5_Alberto_Agustin_Garcia</ownerDesignName>
<engineerTo>
<item key="882FDD28-50ED-9AE9-CF65-683AF5C28861" value="true"/>
</engineerTo>
<useDomainConstraints>false</useDomainConstraints>
<use>1</use>
<logicalDatatype>LOGDT024</logicalDatatype>
<dataTypeSize>15</dataTypeSize>
<ownDataTypeParameters>15,,</ownDataTypeParameters>
</Attribute>
<Attribute name="primer_apellido" id="22587951-AF06-2CC5-2750-792B783A16D3">
<createdBy>svasquez</createdBy>
<createdTime>2025-09-09 01:22:56 UTC</createdTime>
<ownerDesignName>Exp2_S5_Alberto_Agustin_Garcia</ownerDesignName>
<engineerTo>
<item key="882FDD28-50ED-9AE9-CF65-683AF5C28861" value="true"/>
</engineerTo>
<useDomainConstraints>false</useDomainConstraints>
<use>1</use>
<logicalDatatype>LOGDT024</logicalDatatype>
<dataTypeSize>15</dataTypeSize>
<ownDataTypeParameters>15,,</ownDataTypeParameters>
</Attribute>
<Attribute name="segundo_apellido" id="01FEAE55-C5EB-1A19-B79D-8186978DF269">
<createdBy>svasquez</createdBy>
<createdTime>2025-09-09 01:23:21 UTC</createdTime>
<ownerDesignName>Exp2_S5_Alberto_Agustin_Garcia</ownerDesignName>
<engineerTo>
<item key="882FDD28-50ED-9AE9-CF65-683AF5C28861" value="true"/>
</engineerTo>
<useDomainConstraints>false</useDomainConstraints>
<use>1</use>
<logicalDatatype>LOGDT024</logicalDatatype>
<ownDataTypeParameters>,,</ownDataTypeParameters>
</Attribute>
<Attribute name="fecha_nac" id="45608CC1-93F1-9317-1280-8B2DC9016CFF">
<createdBy>svasquez</createdBy>
<createdTime>2025-09-09 01:23:34 UTC</createdTime>
<ownerDesignName>Exp2_S5_Alberto_Agustin_Garcia</ownerDesignName>
<engineerTo>
<item key="882FDD28-50ED-9AE9-CF65-683AF5C28861" value="true"/>
</engineerTo>
<useDomainConstraints>false</useDomainConstraints>
<use>1</use>
<logicalDatatype>LOGDT007</logicalDatatype>
<ownDataTypeParameters>,,</ownDataTypeParameters>
</Attribute>
<Attribute name="direccion" id="4539D1E9-45A7-DDF3-2ADA-A0CCC5BCF097">
<createdBy>svasquez</createdBy>
<createdTime>2025-09-09 01:23:57 UTC</createdTime>
<ownerDesignName>Exp2_S5_Alberto_Agustin_Garcia</ownerDesignName>
<engineerTo>
<item key="882FDD28-50ED-9AE9-CF65-683AF5C28861" value="true"/>
</engineerTo>
<useDomainConstraints>false</useDomainConstraints>
<use>1</use>
<logicalDatatype>LOGDT024</logicalDatatype>
<dataTypeSize>200</dataTypeSize>
<ownDataTypeParameters>200,,</ownDataTypeParameters>
</Attribute>
<Attribute name="id_comuna" id="85D9B455-4DB8-C7AC-68F4-AACFE227B4B3">
<createdBy>Flekz13</createdBy>
<createdTime>2025-09-14 12:07:24 UTC</createdTime>
<generatorID>F224138E-2FCA-EBFB-8393-061B79D6D2F1</generatorID>
<ownerDesignName>Exp2_S5_Alberto_Agustin_Garcia</ownerDesignName>
<engineerTo>
<item key="882FDD28-50ED-9AE9-CF65-683AF5C28861" value="true"/>
</engineerTo>
<referedAttribute>D1192086-7661-8ABE-2E1F-8425D1ADA650</referedAttribute>
<useDomainConstraints>false</useDomainConstraints>
<use>1</use>
<logicalDatatype>LOGDT019</logicalDatatype>
<dataTypePrecision>4</dataTypePrecision>
<ownDataTypeParameters>,4,</ownDataTypeParameters>
</Attribute>
</attributes>
<identifiers itemClass="oracle.dbtools.crest.model.design.logical.CandidateKey">
<identifier id="53DD10FE-0A7E-92CF-81B9-D594698F92C8" name="PACIENTE PK">
<createdBy>svasquez</createdBy>
<createdTime>2025-09-09 01:17:13 UTC</createdTime>
<ownerDesignName>Exp2_S5_Alberto_Agustin_Garcia</ownerDesignName>
<shouldEngineer>false</shouldEngineer>
<engineerTo>
<item key="882FDD28-50ED-9AE9-CF65-683AF5C28861" value="false"/>
</engineerTo>
<pk>true</pk>
<usedAttributes>
<attributeRef>916CFF98-AA14-3D82-824C-4B525890C994</attributeRef>
</usedAttributes>
</identifier>
<identifier id="D8B38FF1-8184-8173-BFCC-32925A47171C" name="uni_rut">
<createdBy>svasquez</createdBy>
<createdTime>2025-09-09 01:48:21 UTC</createdTime>
<ownerDesignName>Exp2_S5_Alberto_Agustin_Garcia</ownerDesignName>
<shouldEngineer>false</shouldEngineer>
<engineerTo>
<item key="882FDD28-50ED-9AE9-CF65-683AF5C28861" value="false"/>
</engineerTo>
<newElementsIDs>F185E4D0-8423-4EF1-C3FB-A127E9C89F21</newElementsIDs>
<usedAttributes>
<attributeRef>F185E4D0-8423-4EF1-C3FB-A127E9C89F21</attributeRef>
</usedAttributes>
</identifier>
</identifiers>
</Entity>