<?xml version = '1.0' encoding = 'UTF-8'?>
<Entity class="oracle.dbtools.crest.model.design.logical.Entity" directorySegmentName="seg_0" id="8F96130B-EE2A-0D14-2DF9-3AC269723AF1" name="PAGO_TARJETA">
<createdBy>svasquez</createdBy>
<createdTime>2025-09-09 01:35:48 UTC</createdTime>
<ownerDesignName>Exp2_S5_Alberto_Agustin_Garcia</ownerDesignName>
<engineerTo>
<item key="882FDD28-50ED-9AE9-CF65-683AF5C28861" value="true"/>
</engineerTo>
<adequatelyNormalized>NO</adequatelyNormalized>
<expectedVolumes>0</expectedVolumes>
<fwdEngineeringStrategyName>Single Table</fwdEngineeringStrategyName>
<growthPercent>0</growthPercent>
<growthType>Year</growthType>
<hierarchicalParent>2E23C86E-B49E-C5D5-10B9-2729A3543C8B</hierarchicalParent>
<maxVolumes>9999999</maxVolumes>
<minVolumes>0</minVolumes>
<normalForm>Third</normalForm>
<attributes itemClass="oracle.dbtools.crest.model.design.logical.Attribute">
<Attribute name="id_medio_pago" id="D63692F3-22A7-A140-171D-AD735B80FC07">
<createdBy>svasquez</createdBy>
<createdTime>2025-09-09 01:35:59 UTC</createdTime>
<ownerDesignName>Exp2_S5_Alberto_Agustin_Garcia</ownerDesignName>
<engineerTo>
<item key="882FDD28-50ED-9AE9-CF65-683AF5C28861" value="true"/>
</engineerTo>
<useDomainConstraints>false</useDomainConstraints>
<use>1</use>
<logicalDatatype>LOGDT019</logicalDatatype>
<dataTypePrecision>1000</dataTypePrecision>
<ownDataTypeParameters>,1000,</ownDataTypeParameters>
</Attribute>
<Attribute name="cod_autorizacion" id="C74E3ED4-5E43-95CA-C52D-9129658B8C6D">
<createdBy>svasquez</createdBy>
<createdTime>2025-09-09 01:37:21 UTC</createdTime>
<ownerDesignName>Exp2_S5_Alberto_Agustin_Garcia</ownerDesignName>
<engineerTo>
<item key="882FDD28-50ED-9AE9-CF65-683AF5C28861" value="true"/>
</engineerTo>
<useDomainConstraints>false</useDomainConstraints>
<use>1</use>
<logicalDatatype>LOGDT024</logicalDatatype>
<dataTypeSize>255</dataTypeSize>
<ownDataTypeParameters>255,,</ownDataTypeParameters>
</Attribute>
<Attribute name="banco_emisor" id="8B205AAB-F625-3B86-6961-FF1DC756E4C3">
<createdBy>svasquez</createdBy>
<createdTime>2025-09-09 01:37:56 UTC</createdTime>
<ownerDesignName>Exp2_S5_Alberto_Agustin_Garcia</ownerDesignName>
<engineerTo>
<item key="882FDD28-50ED-9AE9-CF65-683AF5C28861" value="true"/>
</engineerTo>
<useDomainConstraints>false</useDomainConstraints>
<use>1</use>
<logicalDatatype>LOGDT024</logicalDatatype>
<dataTypeSize>255</dataTypeSize>
<ownDataTypeParameters>255,,</ownDataTypeParameters>
</Attribute>
<Attribute name="tipo_tarjeta" id="E80C50E7-E0DC-5D5F-5F0A-31AA464C081E">
<createdBy>svasquez</createdBy>
<createdTime>2025-09-09 01:38:11 UTC</createdTime>
<ownerDesignName>Exp2_S5_Alberto_Agustin_Garcia</ownerDesignName>
<engineerTo>
<item key="882FDD28-50ED-9AE9-CF65-683AF5C28861" value="true"/>
</engineerTo>
<useDomainConstraints>false</useDomainConstraints>
<use>1</use>
<logicalDatatype>LOGDT024</logicalDatatype>
<dataTypeSize>255</dataTypeSize>
<ownDataTypeParameters>255,,</ownDataTypeParameters>
</Attribute>
</attributes>
<identifiers itemClass="oracle.dbtools.crest.model.design.logical.CandidateKey">
<identifier id="C4BB5C02-4663-26C4-8580-6577B8563288" name="PAGO_TARJETA PK">
<createdBy>svasquez</createdBy>
<createdTime>2025-09-09 01:37:19 UTC</createdTime>
<ownerDesignName>Exp2_S5_Alberto_Agustin_Garcia</ownerDesignName>
<shouldEngineer>false</shouldEngineer>
<engineerTo>
<item key="882FDD28-50ED-9AE9-CF65-683AF5C28861" value="false"/>
</engineerTo>
<pk>true</pk>
<usedAttributes>
<attributeRef>D63692F3-22A7-A140-171D-AD735B80FC07</attributeRef>
</usedAttributes>
</identifier>
<identifier id="6B44E372-0EDC-D98F-2520-9BCA9CA94C31" name="uni_codauto">
<createdBy>svasquez</createdBy>
<createdTime>2025-09-09 01:42:05 UTC</createdTime>
<ownerDesignName>Exp2_S5_Alberto_Agustin_Garcia</ownerDesignName>
<shouldEngineer>false</shouldEngineer>
<engineerTo>
<item key="882FDD28-50ED-9AE9-CF65-683AF5C28861" value="false"/>
</engineerTo>
<newElementsIDs>C74E3ED4-5E43-95CA-C52D-9129658B8C6D</newElementsIDs>
<usedAttributes>
<attributeRef>C74E3ED4-5E43-95CA-C52D-9129658B8C6D</attributeRef>
</usedAttributes>
</identifier>
</identifiers>
</Entity>