<?xml version = '1.0' encoding = 'UTF-8'?>
<Entity class="oracle.dbtools.crest.model.design.logical.Entity" directorySegmentName="seg_0" id="90CBA03B-C64A-F2B4-4248-6DFAA9EFC99D" name="Comuna">
<createdBy>Flekz13</createdBy>
<createdTime>2025-09-14 00:20:21 UTC</createdTime>
<ownerDesignName>Exp2_S5_Alberto_Agustin_Garcia</ownerDesignName>
<engineerTo>
<item key="882FDD28-50ED-9AE9-CF65-683AF5C28861" value="true"/>
</engineerTo>
<adequatelyNormalized>NO</adequatelyNormalized>
<expectedVolumes>0</expectedVolumes>
<fwdEngineeringStrategyName>Single Table</fwdEngineeringStrategyName>
<growthPercent>0</growthPercent>
<growthType>Year</growthType>
<maxVolumes>9999999</maxVolumes>
<minVolumes>0</minVolumes>
<normalForm>Third</normalForm>
<attributes itemClass="oracle.dbtools.crest.model.design.logical.Attribute">
<Attribute name="id_comuna" id="D1192086-7661-8ABE-2E1F-8425D1ADA650">
<createdBy>Flekz13</createdBy>
<createdTime>2025-09-14 00:20:39 UTC</createdTime>
<ownerDesignName>Exp2_S5_Alberto_Agustin_Garcia</ownerDesignName>
<engineerTo>
<item key="882FDD28-50ED-9AE9-CF65-683AF5C28861" value="true"/>
</engineerTo>
<useDomainConstraints>false</useDomainConstraints>
<use>1</use>
<logicalDatatype>LOGDT019</logicalDatatype>
<dataTypePrecision>4</dataTypePrecision>
<ownDataTypeParameters>,4,</ownDataTypeParameters>
</Attribute>
<Attribute name="nombre" id="56155113-99EC-85E4-D694-7FFA09305AA0">
<createdBy>Flekz13</createdBy>
<createdTime>2025-09-14 00:21:33 UTC</createdTime>
<ownerDesignName>Exp2_S5_Alberto_Agustin_Garcia</ownerDesignName>
<engineerTo>
<item key="882FDD28-50ED-9AE9-CF65-683AF5C28861" value="true"/>
</engineerTo>
<useDomainConstraints>false</useDomainConstraints>
<use>1</use>
<logicalDatatype>LOGDT024</logicalDatatype>
<dataTypeSize>50</dataTypeSize>
<ownDataTypeParameters>50,,</ownDataTypeParameters>
</Attribute>
<Attribute name="id_paciente" id="C9F295AB-D67B-7A3D-30A3-4CEA25828C2B">
<createdBy>Flekz13</createdBy>
<createdTime>2025-09-14 12:07:29 UTC</createdTime>
<generatorID>F224138E-2FCA-EBFB-8393-061B79D6D2F1</generatorID>
<ownerDesignName>Exp2_S5_Alberto_Agustin_Garcia</ownerDesignName>
<engineerTo>
<item key="882FDD28-50ED-9AE9-CF65-683AF5C28861" value="true"/>
</engineerTo>
<referedAttribute>916CFF98-AA14-3D82-824C-4B525890C994</referedAttribute>
<useDomainConstraints>false</useDomainConstraints>
<use>1</use>
<logicalDatatype>LOGDT019</logicalDatatype>
<dataTypePrecision>1000</dataTypePrecision>
<ownDataTypeParameters>,,</ownDataTypeParameters>
</Attribute>
<Attribute name="id_region" id="1DAEB02F-48EA-A563-10C0-750575C1CD00">
<createdBy>Flekz13</createdBy>
<createdTime>2025-09-15 00:42:32 UTC</createdTime>
<generatorID>E427A271-CFD3-5AD6-FDC9-8817600DDDA9</generatorID>
<ownerDesignName>Exp2_S5_Alberto_Agustin_Garcia</ownerDesignName>
<engineerTo>
<item key="882FDD28-50ED-9AE9-CF65-683AF5C28861" value="true"/>
</engineerTo>
<referedAttribute>89A144F4-CAE4-F1C3-5B34-05AF3F05E08B</referedAttribute>
<useDomainConstraints>false</useDomainConstraints>
<use>1</use>
<logicalDatatype>LOGDT019</logicalDatatype>
<dataTypePrecision>2</dataTypePrecision>
<ownDataTypeParameters>,2,</ownDataTypeParameters>
</Attribute>
</attributes>
<identifiers itemClass="oracle.dbtools.crest.model.design.logical.CandidateKey">
<identifier id="594BFCAD-5022-0A49-55F0-B9286D480442" name="Comuna PK">
<createdBy>Flekz13</createdBy>
<createdTime>2025-09-14 00:21:43 UTC</createdTime>
<ownerDesignName>Exp2_S5_Alberto_Agustin_Garcia</ownerDesignName>
<engineerTo>
<item key="882FDD28-50ED-9AE9-CF65-683AF5C28861" value="true"/>
</engineerTo>
<pk>true</pk>
<usedAttributes>
<attributeRef>D1192086-7661-8ABE-2E1F-8425D1ADA650</attributeRef>
</usedAttributes>
</identifier>
</identifiers>
</Entity>