<?xml version = '1.0' encoding = 'UTF-8'?>
<Relation class="oracle.dbtools.crest.model.design.logical.Relation" name="Relation_12" directorySegmentName="seg_0" id="598EC20D-3AF2-310F-570B-3D255588EDBB">
<createdBy>Flekz13</createdBy>
<createdTime>2025-09-14 12:25:51 UTC</createdTime>
<ownerDesignName>Exp2_S5_Alberto_Agustin_Garcia</ownerDesignName>
<engineerTo>
<item key="882FDD28-50ED-9AE9-CF65-683AF5C28861" value="true"/>
</engineerTo>
<sourcePk>09232E58-E239-2752-1A86-72B8BEAFAE50</sourcePk>
<identifying>false</identifying>
<optionalSource>false</optionalSource>
<optionalTarget>true</optionalTarget>
<sourceCardinality>1</sourceCardinality>
<sourceEntity>33C9FE1E-FFF3-0385-956F-231CF1D9A3F2</sourceEntity>
<targetCardinalityString>*</targetCardinalityString>
<targetEntity>3F6069A4-53E2-F526-8F69-11A21534AA66</targetEntity>
<transferable>true</transferable>
<deleteRule>NO ACTION</deleteRule>
</Relation>