<?xml version = '1.0' encoding = 'UTF-8'?>
<Relation class="oracle.dbtools.crest.model.design.logical.Relation" name="Relation_3" directorySegmentName="seg_0" id="64B97D20-4AF7-5A41-B809-4EE1596C69B9">
<createdBy>svasquez</createdBy>
<createdTime>2025-09-09 23:12:37 UTC</createdTime>
<ownerDesignName>Exp2_S5_Alberto_Agustin_Garcia</ownerDesignName>
<engineerTo>
<item key="882FDD28-50ED-9AE9-CF65-683AF5C28861" value="true"/>
</engineerTo>
<sourcePk>C614D1C6-CE28-A6AF-22AC-4DD7CE6F9327</sourcePk>
<identifying>false</identifying>
<optionalSource>false</optionalSource>
<optionalTarget>true</optionalTarget>
<sourceCardinality>1</sourceCardinality>
<sourceEntity>6C17D893-6B52-C3BC-EDD4-178FD85CF504</sourceEntity>
<targetCardinalityString>*</targetCardinalityString>
<targetEntity>B5B82B70-B6AB-F605-90C6-EA41054CDA4A</targetEntity>
<transferable>true</transferable>
<deleteRule>NO ACTION</deleteRule>
</Relation>