<?xml version = '1.0' encoding = 'UTF-8'?>
<Relation class="oracle.dbtools.crest.model.design.logical.Relation" name="Relation_13" directorySegmentName="seg_0" id="6A1F8203-2DD1-5041-4AE7-19EDD1DB2C3A">
<createdBy>Flekz13</createdBy>
<createdTime>2025-09-14 12:26:18 UTC</createdTime>
<ownerDesignName>Exp2_S5_Alberto_Agustin_Garcia</ownerDesignName>
<engineerTo>
<item key="882FDD28-50ED-9AE9-CF65-683AF5C28861" value="true"/>
</engineerTo>
<sourcePk>53DD10FE-0A7E-92CF-81B9-D594698F92C8</sourcePk>
<identifying>false</identifying>
<optionalSource>false</optionalSource>
<optionalTarget>true</optionalTarget>
<sourceCardinality>1</sourceCardinality>
<sourceEntity>507E0441-C973-442E-CCB2-6AB94B472F40</sourceEntity>
<targetCardinalityString>*</targetCardinalityString>
<targetEntity>3F6069A4-53E2-F526-8F69-11A21534AA66</targetEntity>
<transferable>true</transferable>
<deleteRule>NO ACTION</deleteRule>
</Relation>