<?xml version = '1.0' encoding = 'UTF-8'?>
<Relation class="oracle.dbtools.crest.model.design.logical.Relation" name="Relation_16" directorySegmentName="seg_0" id="C44AB0B4-989C-17C4-B457-6986C80A3759">
<createdBy>Flekz13</createdBy>
<createdTime>2025-09-15 23:39:38 UTC</createdTime>
<ownerDesignName>Exp2_S5_Alberto_Agustin_Garcia</ownerDesignName>
<engineerTo>
<item key="882FDD28-50ED-9AE9-CF65-683AF5C28861" value="true"/>
</engineerTo>
<sourcePk>53DD10FE-0A7E-92CF-81B9-D594698F92C8</sourcePk>
<identifying>false</identifying>
<optionalSource>false</optionalSource>
<optionalTarget>true</optionalTarget>
<sourceCardinality>1</sourceCardinality>
<sourceEntity>507E0441-C973-442E-CCB2-6AB94B472F40</sourceEntity>
<targetCardinalityString>*</targetCardinalityString>
<targetEntity>B5B82B70-B6AB-F605-90C6-EA41054CDA4A</targetEntity>
<transferable>true</transferable>
<deleteRule>NO ACTION</deleteRule>
</Relation>