<?xml version = '1.0' encoding = 'UTF-8'?>
<Relation class="oracle.dbtools.crest.model.design.logical.Relation" name="Relation_8" directorySegmentName="seg_0" id="E427A271-CFD3-5AD6-FDC9-8817600DDDA9">
<createdBy>Flekz13</createdBy>
<createdTime>2025-09-14 11:44:24 UTC</createdTime>
<ownerDesignName>Exp2_S5_Alberto_Agustin_Garcia</ownerDesignName>
<engineerTo>
<item key="882FDD28-50ED-9AE9-CF65-683AF5C28861" value="true"/>
</engineerTo>
<sourcePk>51E0E29B-B864-397B-5069-12B6F1F05071</sourcePk>
<identifying>false</identifying>
<optionalSource>false</optionalSource>
<optionalTarget>false</optionalTarget>
<sourceCardinality>1</sourceCardinality>
<sourceEntity>E5C04830-CBFF-12E2-D532-5DDBC667DB40</sourceEntity>
<targetCardinalityString>*</targetCardinalityString>
<targetEntity>90CBA03B-C64A-F2B4-4248-6DFAA9EFC99D</targetEntity>
<transferable>true</transferable>
<deleteRule>NO ACTION</deleteRule>
</Relation>