<?xml version = '1.0' encoding = 'UTF-8'?>
<Relation class="oracle.dbtools.crest.model.design.logical.Relation" name="Relation_5" directorySegmentName="seg_0" id="F86734DD-6C84-2C85-4F10-D849F4C0C19D">
<createdBy>svasquez</createdBy>
<createdTime>2025-09-09 23:25:11 UTC</createdTime>
<ownerDesignName>Exp2_S5_Alberto_Agustin_Garcia</ownerDesignName>
<engineerTo>
<item key="882FDD28-50ED-9AE9-CF65-683AF5C28861" value="true"/>
</engineerTo>
<sourcePk>509BCB2C-F843-1324-8501-B25AAED0DF61</sourcePk>
<identifying>false</identifying>
<optionalSource>false</optionalSource>
<optionalTarget>false</optionalTarget>
<sourceCardinality>1</sourceCardinality>
<sourceEntity>30E4F78D-E91C-6316-2EDE-808F01D04C75</sourceEntity>
<targetCardinalityString>*</targetCardinalityString>
<targetEntity>B5B82B70-B6AB-F605-90C6-EA41054CDA4A</targetEntity>
<transferable>true</transferable>
<deleteRule>NO ACTION</deleteRule>
</Relation>